<?xml version="1.0" encoding="UTF-8"?>
<project-private xmlns="http://www.netbeans.org/ns/project-private/1">
    <editor-bookmarks xmlns="http://www.netbeans.org/ns/editor-bookmarks/2" lastBookmarkId="0"/>
    <open-files xmlns="http://www.netbeans.org/ns/projectui-open-files/2">
        <group>
            <file>file:/C:/wamp64/www/AXIA/application/views/admin/staff/unblockedstaff.php</file>
            <file>file:/C:/wamp64/www/AXIA/application/controllers/Category.php</file>
            <file>file:/C:/wamp64/www/AXIA/application/controllers/Account.php</file>
            <file>file:/C:/wamp64/www/AXIA/application/controllers/User.php</file>
            <file>file:/C:/wamp64/www/AXIA/application/models/Admin_model.php</file>
            <file>file:/C:/wamp64/www/AXIA/application/controllers/Admin.php</file>
            <file>file:/C:/wamp64/www/AXIA/application/views/admin/staff.php</file>
            <file>file:/C:/wamp64/www/AXIA/application/views/admin/category/category.php</file>
            <file>file:/C:/wamp64/www/AXIA/application/controllers/Staff.php</file>
        </group>
    </open-files>
</project-private>
